model,MAE,RMSE,sMAPE_%,MASE,n
Pipeline_GradientBoosting_lags,289.1331003936315,362.370563684727,4.701846421189072,0.7140373491042085,168
SeasonalNaive_24_baseline,467.57142857142856,627.4392875201628,7.603403592163106,1.1547050922896145,168
